RS,BA,OBP,SLG,Year,Team,League,RA,OOBP,OSLG,W,G
687,0.242,0.304,0.389,2025,WSN,NL,899,0.342,0.443,66,162
798,0.265,0.333,0.427,2025,TOR,AL,721,0.313,0.408,94,162
684,0.234,0.302,0.381,2025,TEX,AL,605,0.295,0.374,81,162
758,0.247,0.316,0.413,2025,DET,AL,691,0.308,0.398,87,162
597,0.237,0.293,0.386,2025,COL,NL,1021,0.362,0.498,43,162
643,0.226,0.296,0.373,2025,CLE,AL,649,0.31,0.384,88,162
716,0.245,0.315,0.391,2025,CIN,NL,681,0.303,0.398,83,162
647,0.232,0.302,0.373,2025,CHW,AL,742,0.328,0.415,60,162
793,0.249,0.32,0.43,2025,CHC,NL,649,0.296,0.401,92,162
786,0.254,0.324,0.421,2025,BOS,AL,676,0.316,0.375,89,162
677,0.235,0.305,0.394,2025,BAL,AL,788,0.326,0.431,75,162
724,0.245,0.32,0.399,2025,ATL,NL,734,0.319,0.408,76,162
733,0.253,0.318,0.431,2025,OAK,AL,817,0.328,0.432,76,162
791,0.251,0.325,0.433,2025,ARI,NL,785,0.318,0.425,80,162
825,0.253,0.327,0.441,2025,LAD,NL,683,0.31,0.386,93,162
673,0.225,0.298,0.397,2025,LAA,AL,837,0.337,0.435,72,162
651,0.247,0.309,0.397,2025,KCR,AL,637,0.306,0.392,82,162
686,0.25,0.315,0.399,2025,HOU,AL,665,0.303,0.393,87,162
714,0.251,0.313,0.401,2025,TBR,AL,683,0.305,0.399,77,162
689,0.245,0.314,0.379,2025,STL,NL,754,0.319,0.414,78,162
705,0.235,0.311,0.386,2025,SFG,NL,684,0.318,0.389,81,162
766,0.244,0.32,0.42,2025,SEA,AL,694,0.305,0.396,90,162
702,0.252,0.321,0.39,2025,SDP,NL,621,0.302,0.37,90,162
583,0.231,0.305,0.35,2025,PIT,NL,645,0.304,0.382,71,162
778,0.258,0.328,0.431,2025,PHI,NL,648,0.304,0.393,96,162
849,0.251,0.332,0.455,2025,NYY,AL,685,0.306,0.379,94,162
766,0.249,0.326,0.427,2025,NYM,NL,715,0.322,0.384,83,162
678,0.238,0.31,0.397,2025,MIN,AL,773,0.318,0.417,70,162
806,0.258,0.332,0.403,2025,MIL,NL,634,0.305,0.372,97,162
709,0.25,0.314,0.393,2025,MIA,NL,798,0.317,0.415,79,162
842,0.258,0.335,0.446,2024,LAD,NL,686,0.304,0.399,98,162
635,0.229,0.301,0.369,2024,LAA,AL,797,0.328,0.415,63,162
735,0.248,0.306,0.403,2024,KCR,AL,644,0.308,0.383,86,162
740,0.262,0.322,0.418,2024,HOU,AL,649,0.307,0.381,88,161
672,0.248,0.312,0.392,2024,STL,NL,719,0.309,0.405,83,162
693,0.239,0.305,0.396,2024,SFG,NL,699,0.319,0.389,80,162
676,0.224,0.311,0.376,2024,SEA,AL,607,0.276,0.374,85,162
760,0.263,0.324,0.42,2024,SDP,NL,669,0.304,0.385,93,162
665,0.234,0.301,0.371,2024,PIT,NL,739,0.321,0.402,76,162
784,0.257,0.325,0.425,2024,PHI,NL,671,0.305,0.397,95,162
643,0.233,0.301,0.393,2024,OAK,AL,764,0.327,0.41,69,162
815,0.248,0.333,0.429,2024,NYY,AL,668,0.309,0.391,94,162
768,0.246,0.319,0.415,2024,NYM,NL,697,0.315,0.373,89,162
742,0.246,0.315,0.411,2024,MIN,AL,735,0.303,0.4,82,162
777,0.248,0.326,0.403,2024,MIL,NL,641,0.306,0.388,93,162
637,0.244,0.3,0.378,2024,MIA,NL,841,0.332,0.428,62,162
660,0.243,0.309,0.375,2024,WSN,NL,764,0.319,0.406,71,162
671,0.241,0.313,0.389,2024,TOR,AL,743,0.314,0.411,74,162
683,0.238,0.305,0.38,2024,TEX,AL,738,0.316,0.403,78,162
604,0.23,0.302,0.366,2024,TBR,AL,663,0.299,0.39,80,162
682,0.234,0.3,0.385,2024,DET,AL,642,0.292,0.372,86,162
682,0.242,0.304,0.4,2024,COL,NL,929,0.354,0.468,61,162
708,0.238,0.307,0.395,2024,CLE,AL,621,0.301,0.395,92,161
699,0.231,0.305,0.388,2024,CIN,NL,694,0.311,0.404,77,162
507,0.221,0.278,0.34,2024,CHW,AL,813,0.337,0.423,41,162
736,0.242,0.317,0.393,2024,CHC,NL,669,0.305,0.386,83,162
751,0.252,0.319,0.423,2024,BOS,AL,747,0.31,0.397,81,162
786,0.25,0.315,0.435,2024,BAL,AL,699,0.303,0.39,91,162
704,0.243,0.309,0.415,2024,ATL,NL,607,0.301,0.372,89,162
886,0.263,0.337,0.44,2024,ARI,NL,788,0.324,0.434,89,162
906,0.257,0.34,0.455,2023,LAD,NL,699,0.301,0.4,100,162
739,0.245,0.317,0.426,2023,LAA,AL,829,0.337,0.422,73,162
676,0.244,0.303,0.398,2023,KCR,AL,859,0.336,0.442,56,162
827,0.259,0.331,0.437,2023,HOU,AL,698,0.316,0.408,90,162
661,0.236,0.305,0.382,2023,DET,AL,740,0.305,0.399,78,162
721,0.249,0.31,0.405,2023,COL,NL,957,0.361,0.486,59,162
758,0.242,0.321,0.413,2023,SEA,AL,659,0.297,0.392,88,162
752,0.244,0.329,0.413,2023,SDP,NL,648,0.314,0.383,82,162
692,0.239,0.315,0.392,2023,PIT,NL,790,0.331,0.413,76,162
796,0.256,0.327,0.438,2023,PHI,NL,715,0.304,0.397,90,162
585,0.223,0.298,0.37,2023,OAK,AL,924,0.355,0.453,50,162
673,0.227,0.304,0.397,2023,NYY,AL,698,0.308,0.396,82,162
717,0.238,0.316,0.407,2023,NYM,NL,729,0.33,0.406,75,162
778,0.243,0.326,0.428,2023,MIN,AL,659,0.299,0.398,87,162
728,0.24,0.319,0.385,2023,MIL,NL,647,0.297,0.385,92,162
666,0.259,0.316,0.405,2023,MIA,NL,723,0.317,0.413,84,162
700,0.254,0.314,0.396,2023,WSN,NL,845,0.346,0.457,71,162
746,0.256,0.329,0.417,2023,TOR,AL,671,0.309,0.403,89,162
881,0.263,0.337,0.452,2023,TEX,AL,716,0.313,0.406,90,162
860,0.26,0.331,0.445,2023,TBR,AL,665,0.294,0.386,99,162
719,0.25,0.326,0.416,2023,STL,NL,829,0.343,0.447,71,162
674,0.235,0.312,0.383,2023,SFG,NL,719,0.311,0.408,79,162
746,0.25,0.322,0.408,2023,ARI,NL,761,0.32,0.429,84,162
947,0.276,0.344,0.501,2023,ATL,NL,716,0.318,0.398,104,162
807,0.255,0.321,0.421,2023,BAL,AL,678,0.307,0.395,101,162
772,0.258,0.324,0.424,2023,BOS,AL,776,0.325,0.433,78,162
819,0.254,0.33,0.421,2023,CHC,NL,723,0.314,0.399,83,162
641,0.238,0.291,0.384,2023,CHW,AL,841,0.337,0.424,61,162
783,0.249,0.327,0.42,2023,CIN,NL,821,0.337,0.443,82,162
662,0.25,0.313,0.381,2023,CLE,AL,697,0.316,0.4,76,162
705,0.241,0.318,0.382,2022,SDP,NL,660,0.301,0.377,89,162
690,0.23,0.315,0.39,2022,SEA,AL,623,0.298,0.389,90,162
716,0.234,0.315,0.39,2022,SFG,NL,697,0.313,0.39,81,162
772,0.252,0.325,0.42,2022,STL,NL,637,0.314,0.382,93,162
666,0.239,0.309,0.377,2022,TBR,AL,614,0.289,0.379,86,162
707,0.239,0.301,0.395,2022,TEX,AL,743,0.325,0.397,68,162
775,0.264,0.329,0.431,2022,TOR,AL,679,0.308,0.399,92,162
603,0.249,0.31,0.377,2022,WSN,NL,855,0.339,0.452,55,162
591,0.222,0.291,0.364,2022,PIT,NL,817,0.337,0.411,62,162
747,0.253,0.317,0.422,2022,PHI,NL,685,0.31,0.391,87,162
568,0.216,0.281,0.346,2022,OAK,AL,770,0.323,0.428,60,162
807,0.241,0.325,0.426,2022,NYY,AL,567,0.285,0.355,99,162
772,0.259,0.332,0.412,2022,NYM,NL,606,0.299,0.377,101,162
696,0.248,0.317,0.401,2022,MIN,AL,684,0.307,0.4,78,162
725,0.235,0.315,0.409,2022,MIL,NL,688,0.302,0.388,86,162
586,0.23,0.294,0.363,2022,MIA,NL,676,0.314,0.406,69,162
847,0.257,0.333,0.442,2022,LAD,NL,513,0.273,0.344,111,162
623,0.233,0.297,0.39,2022,LAA,AL,668,0.306,0.379,73,162
640,0.244,0.306,0.38,2022,KCR,AL,810,0.346,0.425,65,162
737,0.248,0.319,0.424,2022,HOU,AL,518,0.281,0.332,106,162
557,0.231,0.286,0.346,2022,DET,AL,713,0.316,0.393,66,162
698,0.254,0.315,0.398,2022,COL,NL,873,0.34,0.446,68,162
698,0.254,0.316,0.383,2022,CLE,AL,634,0.292,0.373,92,162
648,0.235,0.304,0.372,2022,CIN,NL,815,0.336,0.429,62,162
686,0.256,0.31,0.387,2022,CHW,AL,717,0.312,0.387,81,162
657,0.238,0.311,0.387,2022,CHC,NL,731,0.318,0.414,74,162
735,0.258,0.321,0.409,2022,BOS,AL,787,0.326,0.419,78,162
674,0.236,0.305,0.39,2022,BAL,AL,688,0.317,0.407,83,162
789,0.253,0.317,0.443,2022,ATL,NL,609,0.297,0.354,101,162
702,0.23,0.304,0.385,2022,ARI,NL,740,0.315,0.414,74,162
830,0.244,0.33,0.429,2021,LAD,NL,561,0.28,0.344,106,162
723,0.245,0.31,0.407,2021,LAA,AL,804,0.33,0.41,77,162
686,0.249,0.306,0.396,2021,KCR,AL,788,0.332,0.415,74,162
863,0.267,0.339,0.444,2021,HOU,AL,658,0.306,0.382,95,162
697,0.242,0.308,0.399,2021,DET,AL,756,0.329,0.419,77,162
739,0.249,0.317,0.414,2021,COL,NL,796,0.332,0.435,74,161
717,0.238,0.303,0.407,2021,CLE,AL,727,0.313,0.417,80,162
786,0.249,0.328,0.431,2021,CIN,NL,760,0.327,0.417,83,162
796,0.256,0.336,0.422,2021,CHW,AL,636,0.298,0.381,93,162
705,0.237,0.312,0.407,2021,CHC,NL,839,0.338,0.442,71,162
743,0.238,0.317,0.406,2021,OAK,AL,687,0.309,0.403,86,162
711,0.237,0.322,0.407,2021,NYY,AL,669,0.299,0.389,92,162
636,0.239,0.315,0.391,2021,NYM,NL,668,0.307,0.4,77,162
729,0.241,0.314,0.423,2021,MIN,AL,834,0.32,0.449,73,162
738,0.233,0.317,0.396,2021,MIL,NL,623,0.298,0.358,95,162
623,0.233,0.298,0.372,2021,MIA,NL,701,0.317,0.401,67,162
724,0.258,0.337,0.417,2021,WSN,NL,820,0.329,0.447,65,162
846,0.266,0.33,0.466,2021,TOR,AL,663,0.305,0.407,91,162
625,0.232,0.294,0.375,2021,TEX,AL,815,0.325,0.436,60,162
857,0.243,0.321,0.429,2021,TBR,AL,651,0.294,0.386,100,162
706,0.244,0.313,0.412,2021,STL,NL,672,0.32,0.374,90,162
804,0.249,0.329,0.44,2021,SFG,NL,594,0.291,0.368,107,162
697,0.226,0.303,0.385,2021,SEA,AL,748,0.314,0.417,90,162
729,0.242,0.321,0.401,2021,SDP,NL,708,0.312,0.41,79,162
609,0.236,0.309,0.364,2021,PIT,NL,833,0.341,0.446,61,162
734,0.24,0.318,0.408,2021,PHI,NL,745,0.316,0.414,82,162
679,0.236,0.309,0.382,2021,ARI,NL,893,0.339,0.468,52,162
790,0.244,0.319,0.435,2021,ATL,NL,656,0.308,0.392,88,161
659,0.239,0.304,0.402,2021,BAL,AL,956,0.344,0.473,52,162
829,0.261,0.328,0.449,2021,BOS,AL,749,0.332,0.417,92,162
315,0.247,0.342,0.447,2020,NYY,AL,270,0.305,0.421,33,60
274,0.225,0.322,0.396,2020,OAK,AL,232,0.302,0.392,36,60
306,0.257,0.342,0.439,2020,PHI,NL,311,0.348,0.468,28,60
219,0.22,0.284,0.357,2020,PIT,NL,298,0.332,0.416,19,60
289,0.238,0.328,0.425,2020,TBR,AL,229,0.305,0.391,40,60
224,0.217,0.285,0.364,2020,TEX,AL,312,0.329,0.419,22,60
302,0.255,0.325,0.441,2020,TOR,AL,312,0.339,0.436,32,60
293,0.264,0.336,0.433,2020,WSN,NL,301,0.346,0.466,26,60
325,0.257,0.333,0.466,2020,SDP,NL,241,0.301,0.389,37,60
254,0.226,0.309,0.37,2020,SEA,AL,303,0.333,0.425,27,60
299,0.263,0.335,0.451,2020,SFG,NL,297,0.322,0.41,29,60
240,0.234,0.323,0.371,2020,STL,NL,229,0.306,0.38,30,58
286,0.272,0.348,0.459,2020,NYM,NL,308,0.336,0.438,26,60
269,0.242,0.315,0.427,2020,MIN,AL,215,0.301,0.372,36,60
247,0.223,0.313,0.389,2020,MIL,NL,264,0.307,0.385,29,60
263,0.244,0.319,0.384,2020,MIA,NL,304,0.343,0.455,31,60
349,0.256,0.338,0.483,2020,LAD,NL,213,0.272,0.355,43,60
294,0.248,0.332,0.43,2020,LAA,AL,321,0.316,0.43,26,60
248,0.244,0.309,0.402,2020,KCR,AL,272,0.332,0.415,26,60
279,0.24,0.312,0.408,2020,HOU,AL,275,0.322,0.407,29,60
249,0.245,0.303,0.397,2020,DET,AL,318,0.34,0.464,23,58
275,0.257,0.311,0.405,2020,COL,NL,353,0.353,0.477,26,60
248,0.228,0.317,0.372,2020,CLE,AL,209,0.288,0.378,35,60
243,0.212,0.312,0.403,2020,CIN,NL,243,0.303,0.374,31,60
306,0.261,0.326,0.453,2020,CHW,AL,246,0.309,0.379,35,60
265,0.22,0.318,0.387,2020,CHC,NL,240,0.302,0.4,34,60
292,0.265,0.33,0.445,2020,BOS,AL,351,0.365,0.484,24,60
274,0.258,0.321,0.429,2020,BAL,AL,294,0.319,0.421,25,60
269,0.241,0.312,0.391,2020,ARI,NL,295,0.336,0.462,25,60
348,0.268,0.349,0.483,2020,ATL,NL,288,0.329,0.408,35,60
939,0.27,0.338,0.494,2019,MIN,AL,754,0.316,0.419,101,162
791,0.257,0.328,0.442,2019,NYM,NL,737,0.317,0.418,86,162
774,0.246,0.319,0.427,2019,PHI,NL,794,0.332,0.453,81,162
758,0.265,0.321,0.42,2019,PIT,NL,911,0.343,0.47,69,162
943,0.267,0.339,0.49,2019,NYY,AL,739,0.314,0.439,103,162
845,0.249,0.327,0.448,2019,OAK,AL,680,0.308,0.404,97,162
678,0.239,0.302,0.392,2019,SFG,NL,773,0.318,0.428,77,162
764,0.245,0.322,0.415,2019,STL,NL,662,0.314,0.397,91,162
769,0.254,0.325,0.431,2019,TBR,AL,656,0.294,0.386,96,162
810,0.248,0.319,0.431,2019,TEX,AL,878,0.342,0.464,78,162
726,0.236,0.305,0.428,2019,TOR,AL,828,0.337,0.451,67,162
873,0.265,0.342,0.454,2019,WSN,NL,724,0.314,0.412,93,162
682,0.238,0.308,0.41,2019,SDP,NL,789,0.315,0.43,70,162
758,0.237,0.316,0.424,2019,SEA,AL,893,0.326,0.469,68,162
813,0.252,0.323,0.434,2019,ARI,NL,743,0.32,0.432,85,162
855,0.258,0.336,0.452,2019,ATL,NL,743,0.329,0.419,97,162
729,0.246,0.31,0.415,2019,BAL,AL,981,0.342,0.497,54,162
901,0.269,0.34,0.466,2019,BOS,AL,828,0.33,0.431,84,162
814,0.252,0.331,0.452,2019,CHC,NL,717,0.323,0.414,84,162
708,0.261,0.314,0.414,2019,CHW,AL,832,0.337,0.452,72,161
701,0.244,0.315,0.422,2019,CIN,NL,711,0.31,0.41,75,162
769,0.25,0.323,0.432,2019,CLE,AL,657,0.304,0.419,93,162
835,0.265,0.326,0.456,2019,COL,NL,958,0.348,0.492,71,162
582,0.24,0.294,0.388,2019,DET,AL,915,0.342,0.478,47,161
920,0.274,0.352,0.495,2019,HOU,AL,640,0.283,0.397,107,162
691,0.247,0.309,0.401,2019,KCR,AL,869,0.348,0.456,59,162
769,0.247,0.324,0.422,2019,LAA,AL,868,0.331,0.459,72,162
886,0.257,0.338,0.472,2019,LAD,NL,613,0.282,0.379,106,162
615,0.241,0.298,0.375,2019,MIA,NL,808,0.329,0.435,57,162
769,0.246,0.329,0.438,2019,MIL,NL,766,0.321,0.425,89,162
754,0.252,0.323,0.424,2018,MIL,NL,659,0.309,0.387,96,163
589,0.237,0.303,0.357,2018,MIA,NL,809,0.333,0.424,63,161
804,0.25,0.333,0.442,2018,LAD,NL,610,0.29,0.379,92,163
771,0.254,0.335,0.419,2018,WSN,NL,682,0.311,0.411,82,162
693,0.235,0.31,0.397,2018,ARI,NL,644,0.31,0.388,82,162
759,0.257,0.324,0.417,2018,ATL,NL,657,0.314,0.37,90,162
622,0.239,0.298,0.391,2018,BAL,AL,892,0.349,0.471,47,162
709,0.244,0.312,0.427,2018,TOR,AL,832,0.335,0.446,73,162
737,0.24,0.318,0.404,2018,TEX,AL,848,0.335,0.464,67,162
716,0.258,0.333,0.406,2018,TBR,AL,646,0.3,0.377,90,162
759,0.249,0.321,0.409,2018,STL,NL,691,0.324,0.378,88,162
603,0.239,0.3,0.368,2018,SFG,NL,699,0.318,0.404,73,162
677,0.254,0.314,0.408,2018,SEA,AL,711,0.308,0.418,89,162
617,0.235,0.297,0.38,2018,SDP,NL,767,0.324,0.417,66,162
692,0.254,0.317,0.407,2018,PIT,NL,693,0.319,0.407,82,161
677,0.234,0.314,0.393,2018,PHI,NL,728,0.316,0.407,80,162
813,0.252,0.325,0.439,2018,OAK,AL,674,0.301,0.392,97,162
851,0.249,0.329,0.451,2018,NYY,AL,669,0.304,0.39,100,162
676,0.234,0.312,0.389,2018,NYM,NL,707,0.313,0.398,77,162
738,0.25,0.318,0.405,2018,MIN,AL,775,0.332,0.423,78,162
780,0.256,0.322,0.435,2018,COL,NL,745,0.319,0.417,91,163
630,0.241,0.3,0.38,2018,DET,AL,796,0.323,0.439,64,162
797,0.255,0.329,0.425,2018,HOU,AL,534,0.282,0.358,103,162
876,0.268,0.339,0.453,2018,BOS,AL,647,0.309,0.39,108,162
761,0.258,0.333,0.41,2018,CHC,NL,645,0.323,0.376,95,163
656,0.241,0.302,0.401,2018,CHW,AL,848,0.34,0.422,62,162
696,0.254,0.328,0.401,2018,CIN,NL,819,0.332,0.45,67,162
818,0.259,0.332,0.434,2018,CLE,AL,648,0.3,0.414,91,162
721,0.242,0.313,0.413,2018,LAA,AL,722,0.322,0.415,80,162
638,0.245,0.305,0.392,2018,KCR,AL,833,0.342,0.446,58,162
799,0.244,0.32,0.43,2017,TEX,AL,816,0.335,0.434,78,162
693,0.24,0.312,0.412,2017,TOR,AL,784,0.326,0.429,76,162
819,0.266,0.332,0.449,2017,WSN,NL,672,0.308,0.396,97,162
702,0.259,0.311,0.42,2017,KCR,AL,791,0.331,0.434,80,162
710,0.243,0.315,0.397,2017,LAA,AL,709,0.314,0.429,80,162
770,0.249,0.334,0.437,2017,LAD,NL,580,0.29,0.38,104,162
732,0.263,0.326,0.412,2017,ATL,NL,821,0.339,0.438,72,162
812,0.254,0.329,0.445,2017,ARI,NL,659,0.309,0.398,93,162
785,0.258,0.329,0.407,2017,BOS,AL,668,0.306,0.406,93,162
694,0.245,0.317,0.422,2017,TBR,AL,704,0.309,0.403,80,162
761,0.256,0.334,0.426,2017,STL,NL,705,0.32,0.411,83,162
639,0.249,0.309,0.38,2017,SFG,NL,776,0.331,0.438,64,162
750,0.259,0.325,0.424,2017,SEA,AL,772,0.318,0.435,78,162
604,0.234,0.299,0.393,2017,SDP,NL,816,0.333,0.441,71,162
668,0.244,0.318,0.386,2017,PIT,NL,731,0.33,0.431,75,162
690,0.25,0.315,0.409,2017,PHI,NL,782,0.333,0.447,66,162
739,0.246,0.319,0.436,2017,OAK,AL,826,0.327,0.439,75,162
858,0.262,0.339,0.447,2017,NYY,AL,660,0.298,0.382,91,162
735,0.25,0.32,0.434,2017,NYM,NL,863,0.345,0.448,70,162
815,0.26,0.334,0.434,2017,MIN,AL,788,0.33,0.446,85,162
732,0.249,0.322,0.429,2017,MIL,NL,697,0.326,0.414,86,162
778,0.267,0.331,0.431,2017,MIA,NL,822,0.344,0.432,77,162
896,0.282,0.346,0.478,2017,HOU,AL,700,0.313,0.407,101,162
735,0.258,0.324,0.424,2017,DET,AL,894,0.348,0.463,64,162
824,0.273,0.338,0.444,2017,COL,NL,757,0.332,0.439,87,162
743,0.26,0.312,0.435,2017,BAL,AL,841,0.342,0.458,75,162
822,0.255,0.338,0.437,2017,CHC,NL,695,0.315,0.398,92,162
706,0.256,0.314,0.417,2017,CHW,AL,820,0.337,0.45,67,162
818,0.263,0.339,0.449,2017,CLE,AL,564,0.294,0.38,102,162
753,0.253,0.329,0.433,2017,CIN,NL,869,0.345,0.465,68,162
610,0.24,0.301,0.384,2016,PHI,NL,796,0.325,0.448,71,162
729,0.257,0.332,0.402,2016,PIT,NL,758,0.336,0.436,78,161
686,0.235,0.299,0.39,2016,SDP,NL,770,0.33,0.422,68,162
768,0.259,0.326,0.43,2016,SEA,AL,707,0.314,0.425,86,162
715,0.258,0.329,0.398,2016,SFG,NL,631,0.303,0.392,87,162
649,0.255,0.321,0.384,2016,ATL,NL,779,0.328,0.416,68,161
744,0.256,0.317,0.443,2016,BAL,AL,715,0.328,0.421,89,162
878,0.282,0.348,0.461,2016,BOS,AL,694,0.314,0.397,93,162
717,0.26,0.322,0.405,2016,LAA,AL,727,0.334,0.44,74,162
725,0.249,0.319,0.409,2016,LAD,NL,638,0.298,0.375,91,162
655,0.263,0.322,0.394,2016,MIA,NL,682,0.329,0.394,79,161
671,0.244,0.322,0.407,2016,MIL,NL,733,0.333,0.426,73,162
722,0.251,0.316,0.421,2016,MIN,AL,889,0.34,0.466,59,162
671,0.246,0.316,0.417,2016,NYM,NL,617,0.311,0.395,87,162
680,0.252,0.315,0.405,2016,NYY,AL,702,0.31,0.424,84,162
653,0.246,0.304,0.395,2016,OAK,AL,761,0.322,0.422,69,162
765,0.262,0.322,0.433,2016,TEX,AL,757,0.329,0.424,95,162
672,0.243,0.307,0.426,2016,TBR,AL,713,0.318,0.416,68,162
779,0.255,0.325,0.442,2016,STL,NL,712,0.32,0.402,86,162
759,0.248,0.33,0.426,2016,TOR,AL,666,0.305,0.398,89,162
763,0.256,0.326,0.426,2016,WSN,NL,612,0.3,0.376,95,162
750,0.267,0.331,0.438,2016,DET,AL,721,0.32,0.421,86,161
724,0.247,0.319,0.417,2016,HOU,AL,701,0.314,0.424,84,162
675,0.261,0.312,0.4,2016,KCR,AL,712,0.327,0.423,81,162
845,0.275,0.336,0.457,2016,COL,NL,860,0.345,0.446,75,162
716,0.256,0.316,0.408,2016,CIN,NL,854,0.345,0.456,68,162
686,0.257,0.317,0.41,2016,CHW,AL,715,0.326,0.419,78,162
752,0.261,0.32,0.432,2016,ARI,NL,890,0.348,0.454,69,162
777,0.262,0.329,0.43,2016,CLE,AL,676,0.304,0.407,94,161
808,0.256,0.343,0.429,2016,CHC,NL,556,0.285,0.348,103,161
696,0.247,0.305,0.399,2015,MIN,AL,700,0.321,0.418,83,162
683,0.244,0.312,0.4,2015,NYM,NL,613,0.296,0.377,90,162
764,0.251,0.323,0.421,2015,NYY,AL,698,0.316,0.406,87,162
694,0.251,0.312,0.395,2015,OAK,AL,729,0.316,0.4,68,162
626,0.249,0.303,0.382,2015,PHI,NL,809,0.341,0.445,63,162
697,0.26,0.323,0.396,2015,PIT,NL,596,0.311,0.361,98,162
650,0.243,0.3,0.385,2015,SDP,NL,731,0.321,0.414,74,162
748,0.265,0.325,0.415,2015,BOS,AL,753,0.327,0.424,78,162
573,0.251,0.314,0.359,2015,ATL,NL,760,0.339,0.426,67,162
720,0.264,0.324,0.414,2015,ARI,NL,713,0.322,0.423,79,162
729,0.25,0.315,0.437,2015,HOU,AL,618,0.299,0.382,86,162
724,0.269,0.322,0.412,2015,KCR,AL,641,0.314,0.396,95,162
661,0.246,0.307,0.396,2015,LAA,AL,675,0.313,0.396,85,162
667,0.25,0.326,0.413,2015,LAD,NL,595,0.297,0.372,92,162
613,0.26,0.31,0.384,2015,MIA,NL,678,0.322,0.396,71,162
655,0.251,0.307,0.393,2015,MIL,NL,737,0.329,0.422,68,162
656,0.249,0.311,0.411,2015,SEA,AL,726,0.322,0.412,76,162
696,0.267,0.326,0.406,2015,SFG,NL,627,0.305,0.395,84,162
647,0.253,0.321,0.394,2015,STL,NL,525,0.31,0.366,100,162
751,0.257,0.325,0.413,2015,TEX,AL,733,0.328,0.419,88,162
891,0.269,0.34,0.457,2015,TOR,AL,670,0.304,0.403,93,162
703,0.251,0.321,0.403,2015,WSN,NL,635,0.301,0.384,83,162
644,0.252,0.314,0.406,2015,TBR,AL,642,0.304,0.385,80,162
669,0.256,0.325,0.401,2015,CLE,AL,640,0.297,0.386,81,161
737,0.265,0.315,0.432,2015,COL,NL,844,0.353,0.461,68,162
689,0.27,0.328,0.42,2015,DET,AL,803,0.33,0.444,74,161
622,0.25,0.306,0.38,2015,CHW,AL,701,0.322,0.41,76,162
689,0.244,0.321,0.398,2015,CHC,NL,608,0.29,0.372,97,162
713,0.25,0.307,0.421,2015,BAL,AL,693,0.321,0.418,81,162
640,0.248,0.312,0.394,2015,CIN,NL,754,0.328,0.42,64,162
773,0.259,0.322,0.406,2014,LAA,AL,630,0.305,0.351,98,162
718,0.265,0.333,0.406,2014,LAD,NL,617,0.3,0.376,94,162
645,0.253,0.317,0.378,2014,MIA,NL,674,0.323,0.39,77,162
650,0.25,0.311,0.397,2014,MIL,NL,657,0.307,0.393,82,162
715,0.254,0.324,0.389,2014,MIN,AL,777,0.33,0.428,70,162
629,0.239,0.308,0.364,2014,NYM,NL,618,0.315,0.382,79,162
633,0.245,0.307,0.38,2014,NYY,AL,664,0.305,0.395,84,162
729,0.244,0.32,0.381,2014,OAK,AL,572,0.29,0.356,88,162
619,0.242,0.302,0.363,2014,PHI,NL,687,0.321,0.387,73,162
573,0.241,0.305,0.36,2014,ATL,NL,597,0.312,0.37,79,162
705,0.256,0.311,0.422,2014,BAL,AL,593,0.308,0.382,96,162
634,0.244,0.316,0.369,2014,BOS,AL,715,0.321,0.409,71,162
755,0.276,0.327,0.445,2014,COL,NL,818,0.342,0.443,66,162
757,0.277,0.331,0.426,2014,DET,AL,705,0.321,0.401,90,162
629,0.242,0.309,0.383,2014,HOU,AL,723,0.323,0.396,70,162
651,0.263,0.314,0.376,2014,KCR,AL,624,0.31,0.377,89,162
634,0.244,0.3,0.376,2014,SEA,AL,554,0.295,0.356,87,162
535,0.226,0.292,0.342,2014,SDP,NL,577,0.304,0.362,77,162
682,0.259,0.33,0.404,2014,PIT,NL,631,0.318,0.371,88,162
665,0.255,0.311,0.388,2014,SFG,NL,614,0.297,0.382,88,162
723,0.259,0.323,0.414,2014,TOR,AL,686,0.318,0.407,83,162
686,0.253,0.321,0.393,2014,WSN,NL,555,0.294,0.358,96,162
612,0.247,0.317,0.367,2014,TBR,AL,625,0.3,0.362,77,162
637,0.256,0.314,0.375,2014,TEX,AL,773,0.336,0.428,67,162
619,0.253,0.32,0.369,2014,STL,NL,603,0.308,0.366,90,162
660,0.253,0.31,0.398,2014,CHW,AL,758,0.337,0.401,73,162
595,0.238,0.296,0.365,2014,CIN,NL,612,0.309,0.383,76,162
669,0.253,0.317,0.389,2014,CLE,AL,653,0.312,0.385,85,162
615,0.248,0.302,0.376,2014,ARI,NL,742,0.326,0.414,64,162
614,0.239,0.3,0.385,2014,CHC,NL,707,0.318,0.376,73,162
602,0.238,0.3,0.392,2013,CHC,NL,689,0.318,0.4,66,162
853,0.277,0.349,0.446,2013,BOS,AL,656,0.316,0.393,97,162
745,0.255,0.327,0.41,2013,CLE,AL,662,0.322,0.386,92,162
706,0.27,0.323,0.418,2013,COL,NL,760,0.34,0.423,74,162
796,0.283,0.346,0.434,2013,DET,AL,624,0.308,0.373,93,162
610,0.24,0.299,0.375,2013,HOU,AL,848,0.347,0.445,51,162
513,0.231,0.293,0.335,2013,MIA,NL,646,0.319,0.384,62,162
649,0.264,0.326,0.396,2013,LAD,NL,582,0.306,0.365,92,162
733,0.264,0.329,0.414,2013,LAA,AL,737,0.328,0.408,78,162
648,0.26,0.315,0.379,2013,KCR,AL,601,0.311,0.387,86,162
650,0.242,0.307,0.376,2013,NYY,AL,671,0.318,0.413,85,162
619,0.237,0.306,0.366,2013,NYM,NL,684,0.316,0.393,74,162
614,0.242,0.312,0.38,2013,MIN,AL,788,0.336,0.434,66,162
640,0.252,0.311,0.398,2013,MIL,NL,687,0.317,0.397,74,162
698,0.249,0.327,0.391,2013,CIN,NL,589,0.298,0.384,90,162
598,0.249,0.302,0.378,2013,CHW,AL,723,0.322,0.408,63,162
767,0.254,0.327,0.419,2013,OAK,AL,625,0.299,0.379,96,162
610,0.248,0.306,0.384,2013,PHI,NL,749,0.331,0.415,73,162
634,0.245,0.313,0.396,2013,PIT,NL,577,0.309,0.341,94,162
618,0.245,0.308,0.378,2013,SDP,NL,700,0.322,0.403,76,162
629,0.26,0.32,0.381,2013,SFG,NL,691,0.32,0.39,76,162
624,0.237,0.306,0.39,2013,SEA,AL,754,0.319,0.417,71,162
656,0.251,0.313,0.398,2013,WSN,NL,626,0.305,0.379,86,162
712,0.252,0.318,0.411,2013,TOR,AL,756,0.324,0.426,74,162
730,0.262,0.323,0.412,2013,TEX,AL,636,0.313,0.387,91,163
700,0.257,0.329,0.408,2013,TBR,AL,646,0.305,0.381,92,163
783,0.269,0.332,0.401,2013,STL,NL,596,0.311,0.368,97,162
745,0.26,0.313,0.431,2013,BAL,AL,709,0.321,0.428,85,162
688,0.249,0.321,0.402,2013,ATL,NL,548,0.301,0.37,96,162
685,0.259,0.323,0.391,2013,ARI,NL,695,0.32,0.411,81,162
